{"cameraMode":{"drawMode":0,"name":"Shaded","section":"Shading Mode"},"sceneLighting":true,"audioPlay":false,"sceneViewState":{"m_AlwaysRefresh":true,"showFog":true,"showSkybox":true,"showFlares":true,"showImageEffects":true,"showParticleSystems":true,"showVisualEffectGraphs":true,"m_FxEnabled":false},"in2DMode":false,"pivot":{"x":356.1847229003906,"y":-200.23837280273438,"z":984.1605834960938},"rotation":{"x":-0.09966504573822022,"y":-0.17143456637859345,"z":0.018884994089603425,"w":-0.9803260564804077},"size":508.0552978515625,"orthographic":false}