{"cameraMode":{"drawMode":0,"name":"Shaded","section":"Shading Mode"},"sceneLighting":true,"audioPlay":false,"sceneViewState":{"m_AlwaysRefresh":true,"showFog":true,"showSkybox":true,"showFlares":true,"showImageEffects":true,"showParticleSystems":true,"showVisualEffectGraphs":true,"m_FxEnabled":false},"in2DMode":false,"pivot":{"x":294.14520263671877,"y":-127.14161682128906,"z":-443.7813720703125},"rotation":{"x":-0.020609254017472268,"y":-0.9768519997596741,"z":0.1106695607304573,"w":-0.18199189007282258},"size":298.8428955078125,"orthographic":false}