{"cameraMode":{"drawMode":0,"name":"Shaded","section":"Shading Mode"},"sceneLighting":false,"audioPlay":false,"sceneViewState":{"m_AlwaysRefresh":true,"showFog":true,"showSkybox":false,"showFlares":true,"showImageEffects":true,"showParticleSystems":true,"showVisualEffectGraphs":true,"m_FxEnabled":true},"in2DMode":false,"pivot":{"x":-0.004443168640136719,"y":2.276759624481201,"z":0.05626726150512695},"rotation":{"x":-0.011911887675523758,"y":-0.9880889058113098,"z":0.11510003358125687,"w":-0.10249515622854233},"size":9.798028945922852,"orthographic":false}